feature,importance
elo_diff,0.5371692925217579
elo_b,0.08760056687741148
elo_a,0.08326235865768755
goals_conceded_avg_a,0.07904540244719027
goals_conceded_avg_b,0.05153345789970623
h2h_wins_a,0.040828371575653374
goals_scored_avg_b,0.0404972489250809
form_b,0.031835026752509876
goals_scored_avg_a,0.025862710686003508
form_a,0.011308292629101012
h2h_wins_b,0.011057271027897959
stage_weight,0.0
