feature,importance
elo_diff,0.5138286351227765
elo_b,0.08982905192213227
elo_a,0.08314426900811292
goals_conceded_avg_a,0.08019276098127655
goals_conceded_avg_b,0.057438944865933386
goals_scored_avg_b,0.0450978417971295
form_b,0.03961717359310656
h2h_wins_a,0.03848665336137032
goals_scored_avg_a,0.028398801470655495
h2h_wins_b,0.012548600503048407
form_a,0.011417267374458097
stage_weight,0.0
