{
  "accuracy": 0.6095433555669574,
  "macro_f1": 0.44654546457262717,
  "brier_score": 0.5099517499738789,
  "log_loss": 0.8675746555775229,
  "expected_calibration_error": 0.04998724887394508,
  "feature_set": "base",
  "feature_columns": [
    "elo_diff",
    "elo_a",
    "elo_b",
    "form_a",
    "form_b",
    "goals_scored_avg_a",
    "goals_scored_avg_b",
    "goals_conceded_avg_a",
    "goals_conceded_avg_b",
    "h2h_wins_a",
    "h2h_wins_b",
    "stage_weight"
  ],
  "classification_report": {
    "Win A": {
      "precision": 0.5806451612903226,
      "recall": 0.9442622950819672,
      "f1-score": 0.7191011235955056,
      "support": 915.0
    },
    "Win B": {
      "precision": 0.7054945054945055,
      "recall": 0.5323383084577115,
      "f1-score": 0.6068052930056711,
      "support": 603.0
    },
    "Draw": {
      "precision": 0.5,
      "recall": 0.0069605568445475635,
      "f1-score": 0.013729977116704805,
      "support": 431.0
    },
    "accuracy": 0.6095433555669574,
    "macro avg": {
      "precision": 0.5953798889282761,
      "recall": 0.4945203867947421,
      "f1-score": 0.44654546457262717,
      "support": 1949.0
    },
    "weighted avg": {
      "precision": 0.6014384347839056,
      "recall": 0.6095433555669574,
      "f1-score": 0.5283728783527999,
      "support": 1949.0
    }
  },
  "confusion_matrix": [
    [
      864,
      50,
      1
    ],
    [
      280,
      321,
      2
    ],
    [
      344,
      84,
      3
    ]
  ],
  "classes": [
    "A",
    "B",
    "D"
  ],
  "time_series_cv_accuracy_mean": 0.6128157732593962,
  "time_series_cv_accuracy_std": 0.01433164913770388,
  "train_rows": 7794,
  "test_rows": 1949,
  "baseline_metrics_file": "baseline_metrics.json"
}