{
  "accuracy": 0.6224350205198358,
  "macro_f1": 0.4647040718895091,
  "brier_score": 0.49281739037082367,
  "log_loss": 0.8430828407859532,
  "expected_calibration_error": 0.06140207824798551,
  "feature_set": "base",
  "feature_columns": [
    "elo_diff",
    "elo_a",
    "elo_b",
    "form_a",
    "form_b",
    "goals_scored_avg_a",
    "goals_scored_avg_b",
    "goals_conceded_avg_a",
    "goals_conceded_avg_b",
    "h2h_wins_a",
    "h2h_wins_b",
    "stage_weight"
  ],
  "classification_report": {
    "Win A": {
      "precision": 0.6301369863013698,
      "recall": 0.8781204111600588,
      "f1-score": 0.7337423312883435,
      "support": 681.0
    },
    "Win B": {
      "precision": 0.6126482213438735,
      "recall": 0.6888888888888889,
      "f1-score": 0.6485355648535565,
      "support": 450.0
    },
    "Draw": {
      "precision": 0.2857142857142857,
      "recall": 0.006042296072507553,
      "f1-score": 0.011834319526627219,
      "support": 331.0
    },
    "accuracy": 0.6224350205198358,
    "macro avg": {
      "precision": 0.509499831119843,
      "recall": 0.524350532040485,
      "f1-score": 0.4647040718895091,
      "support": 1462.0
    },
    "weighted avg": {
      "precision": 0.5467759342321508,
      "recall": 0.6224350205198358,
      "f1-score": 0.5440743444287114,
      "support": 1462.0
    }
  },
  "confusion_matrix": [
    [
      598,
      81,
      2
    ],
    [
      137,
      310,
      3
    ],
    [
      214,
      115,
      2
    ]
  ],
  "classes": [
    "A",
    "B",
    "D"
  ],
  "time_series_cv_accuracy_mean": 0.6128157732593962,
  "time_series_cv_accuracy_std": 0.01433164913770388,
  "train_rows": 6820,
  "calibration_rows": 1461,
  "test_rows": 1462,
  "calibration": {
    "enabled": true,
    "method": "sigmoid",
    "before": {
      "accuracy": 0.6183310533515732,
      "macro_f1": 0.4560045265104469,
      "brier_score": 0.49547464973998206,
      "log_loss": 0.8479626070730587,
      "expected_calibration_error": 0.047950506564544054
    },
    "after": {
      "accuracy": 0.6224350205198358,
      "macro_f1": 0.4647040718895091,
      "brier_score": 0.49281739037082367,
      "log_loss": 0.8430828407859532,
      "expected_calibration_error": 0.06140207824798551
    }
  },
  "baseline_metrics_file": "baseline_metrics.json",
  "player_feature_coverage": {
    "status": "neutral_fallback",
    "covered_teams": 0,
    "missing_teams": [
      "Algeria",
      "Argentina",
      "Australia",
      "Austria",
      "Belgium",
      "Bosnia and Herzegovina",
      "Brazil",
      "Canada",
      "Cape Verde",
      "Colombia",
      "Croatia",
      "Curacao",
      "Czech Republic",
      "DR Congo",
      "Ecuador",
      "Egypt",
      "England",
      "France",
      "Germany",
      "Ghana",
      "Haiti",
      "Iran",
      "Iraq",
      "Ivory Coast",
      "Japan",
      "Jordan",
      "Mexico",
      "Morocco",
      "Netherlands",
      "New Zealand",
      "Norway",
      "Panama",
      "Paraguay",
      "Portugal",
      "Qatar",
      "Saudi Arabia",
      "Scotland",
      "Senegal",
      "South Africa",
      "South Korea",
      "Spain",
      "Sweden",
      "Switzerland",
      "Tunisia",
      "Turkey",
      "United States",
      "Uruguay",
      "Uzbekistan"
    ]
  },
  "optional_sources": {
    "fifa_rankings": {
      "present": false,
      "rows": 0,
      "team_coverage": 0,
      "missing_teams": [
        "Mexico",
        "South Africa",
        "South Korea",
        "Czech Republic",
        "Canada",
        "Switzerland",
        "Qatar",
        "Bosnia and Herzegovina",
        "Brazil",
        "Morocco",
        "Haiti",
        "Scotland",
        "United States",
        "Paraguay",
        "Australia",
        "Turkey",
        "Germany",
        "Curacao",
        "Ivory Coast",
        "Ecuador",
        "Netherlands",
        "Japan",
        "Tunisia",
        "Sweden",
        "Belgium",
        "Egypt",
        "Iran",
        "New Zealand",
        "Spain",
        "Cape Verde",
        "Saudi Arabia",
        "Uruguay",
        "France",
        "Senegal",
        "Iraq",
        "Norway",
        "Argentina",
        "Algeria",
        "Austria",
        "Jordan",
        "Portugal",
        "DR Congo",
        "Uzbekistan",
        "Colombia",
        "England",
        "Croatia",
        "Ghana",
        "Panama"
      ]
    },
    "betting_odds": {
      "present": false,
      "rows": 0,
      "team_coverage": 0,
      "missing_teams": [
        "Mexico",
        "South Africa",
        "South Korea",
        "Czech Republic",
        "Canada",
        "Switzerland",
        "Qatar",
        "Bosnia and Herzegovina",
        "Brazil",
        "Morocco",
        "Haiti",
        "Scotland",
        "United States",
        "Paraguay",
        "Australia",
        "Turkey",
        "Germany",
        "Curacao",
        "Ivory Coast",
        "Ecuador",
        "Netherlands",
        "Japan",
        "Tunisia",
        "Sweden",
        "Belgium",
        "Egypt",
        "Iran",
        "New Zealand",
        "Spain",
        "Cape Verde",
        "Saudi Arabia",
        "Uruguay",
        "France",
        "Senegal",
        "Iraq",
        "Norway",
        "Argentina",
        "Algeria",
        "Austria",
        "Jordan",
        "Portugal",
        "DR Congo",
        "Uzbekistan",
        "Colombia",
        "England",
        "Croatia",
        "Ghana",
        "Panama"
      ]
    },
    "wc2026_fixtures": {
      "present": false,
      "rows": 0,
      "team_coverage": 0,
      "missing_teams": [
        "Mexico",
        "South Africa",
        "South Korea",
        "Czech Republic",
        "Canada",
        "Switzerland",
        "Qatar",
        "Bosnia and Herzegovina",
        "Brazil",
        "Morocco",
        "Haiti",
        "Scotland",
        "United States",
        "Paraguay",
        "Australia",
        "Turkey",
        "Germany",
        "Curacao",
        "Ivory Coast",
        "Ecuador",
        "Netherlands",
        "Japan",
        "Tunisia",
        "Sweden",
        "Belgium",
        "Egypt",
        "Iran",
        "New Zealand",
        "Spain",
        "Cape Verde",
        "Saudi Arabia",
        "Uruguay",
        "France",
        "Senegal",
        "Iraq",
        "Norway",
        "Argentina",
        "Algeria",
        "Austria",
        "Jordan",
        "Portugal",
        "DR Congo",
        "Uzbekistan",
        "Colombia",
        "England",
        "Croatia",
        "Ghana",
        "Panama"
      ],
      "has_venue_fields": false
    }
  }
}