{
  "accuracy": 0.5926115956900975,
  "classification_report": {
    "Win A": {
      "precision": 0.5754076086956522,
      "recall": 0.9256830601092896,
      "f1-score": 0.7096774193548387,
      "support": 915.0
    },
    "Win B": {
      "precision": 0.7058823529411765,
      "recall": 0.47761194029850745,
      "f1-score": 0.56973293768546,
      "support": 603.0
    },
    "Draw": {
      "precision": 0.2898550724637681,
      "recall": 0.04640371229698376,
      "f1-score": 0.08,
      "support": 431.0
    },
    "accuracy": 0.5926115956900975,
    "macro avg": {
      "precision": 0.5237150113668656,
      "recall": 0.483232904234927,
      "f1-score": 0.4531367856800996,
      "support": 1949.0
    },
    "weighted avg": {
      "precision": 0.5526283001600488,
      "recall": 0.5926115956900975,
      "f1-score": 0.5271338122801487,
      "support": 1949.0
    }
  },
  "brier_score": 0.5230222340671141,
  "confusion_matrix": [
    [
      847,
      51,
      17
    ],
    [
      283,
      288,
      32
    ],
    [
      342,
      69,
      20
    ]
  ],
  "classes": [
    "A",
    "B",
    "D"
  ],
  "time_series_cv_accuracy_mean": 0.6073937153419594,
  "time_series_cv_accuracy_std": 0.011363787438963373,
  "train_rows": 7794,
  "test_rows": 1949
}